arm,step,c_bar,gamma_2_hat_raw,gamma_2_observed_r5,ratio_hat_over_observed,gamma_2_hat_over_sdDelta,gamma_2_obs_over_sdDelta,R2_delta_by_cbar_lendiff,corr_delta_pred
RM_OA-deberta,51,-0.03784958050480226,-2.3160476640271956,0.710016336996771,-3.2619639061033725,-0.34874686867245774,0.10691315989730203,-0.20670171125883807,-0.12178264127837479
RM_OA-deberta,136,-0.24370447379370513,-14.91248171617844,-2.4819449382640886,6.008385394161269,-0.8879773762952156,-0.14778968359088948,-0.5530394463289525,0.13726571016065375
RM_OA-deberta,272,-0.3181125804312537,-19.465576341380842,-3.7305901804751818,5.217827582149864,-0.9565865886590297,-0.18333043275164992,-0.595364652783376,0.17211983329938005
RM_gpt2-helpful,51,-0.043906376501532056,-2.6866681050631405,3.217163372426505,-0.835104654022203,-0.20335820568331126,0.24351224089562376,-0.16010357671249298,-0.29123816979943334
RM_gpt2-helpful,136,-0.2587794083348663,-15.834929639346027,-0.6443332286629792,24.575683722232096,-0.9198210153805844,-0.03742809460672215,-0.7963815659880413,0.02949187444050748
RM_gpt2-helpful,272,-0.3394459160180234,-20.770981088082785,-1.5419413709401617,13.470668521863564,-0.989772919697266,-0.07347615436389185,-0.8474296096442495,0.06952739597351842
RM_gpt2-harmless,51,-0.06551362870003874,-4.008834039611569,-2.701984305160856,1.483662962791678,-0.5879497524269527,-0.39628255686902053,0.11520268168354075,0.39200616983274184
RM_gpt2-harmless,136,-0.3203621890072501,-19.60323178215253,-7.406828714611355,2.646643055682048,-0.9668930635419691,-0.3653280941931922,-0.21630454211006045,0.37409703369257824
RM_gpt2-harmless,272,-0.35545787605908563,-21.750766389663443,-8.221634350845976,2.6455526312022584,-0.981604153621591,-0.3710393594307386,-0.22099701820466855,0.3801319078606309
